file,line,literal,target_exists,note
admin/backend/academic_year.php,272,/admin/api_year_context.php,True,literal exists
admin/backend/academic_year.php,363,/admin/api_year_context.php,True,literal exists
admin/backend/groups_api.php,6,/admin/backend/groups_api.php,True,literal exists
admin/backend/services/MemberReportRenderer.php,176,/admin/reports.php,True,literal exists
admin/components/notification_bell.php,384,/admin/api_notifications.php?action=list,True,literal exists
admin/components/notification_bell.php,431,/admin/api_notifications.php,True,literal exists
admin/components/notification_bell.php,443,/admin/api_notifications.php,True,literal exists
admin/components/notification_bell.php,458,/admin/api_notifications.php,True,literal exists
admin/components/notification_bell.php,481,/admin/api_notifications.php?action=count,True,literal exists
admin/dashboard.php,46,/admin/dashboard.php,True,literal exists
admin/dashboard.php,488,index.php,True,literal exists
admin/dashboard.php,496,logout.php,True,literal exists
admin/dashboard.php,44,/admin/api_impersonate.php,True,literal exists
admin/dashboard.php,14,index.php,True,literal exists
admin/dashboard.php,84,/frontend/pages/finance_dept.php,True,literal exists
admin/dashboard.php,93,/frontend/pages/mezmur_dept.php,True,literal exists
admin/dashboards/ai_assistant.php,149,/admin/dashboard.php,True,literal exists
admin/dashboards/ai_assistant.php,562,/admin/dashboard.php,True,literal exists
admin/dashboards/ai_assistant.php,564,/admin/logout.php,True,literal exists
admin/dashboards/ai_assistant.php,7,../index.php,True,literal exists
admin/dashboards/ai_chatbot_widget.php,172,/admin/dashboards/ai_assistant.php,True,literal exists
admin/dashboards/attendance_taker.php,145,/admin/logout.php,True,literal exists
admin/dashboards/attendance_taker.php,183,/admin/dashboard.php,True,literal exists
admin/dashboards/attendance_taker.php,662,/admin/dashboard.php,True,literal exists
admin/dashboards/attendance_taker.php,664,/admin/logout.php,True,literal exists
admin/dashboards/attendance_taker.php,534,/admin/api_attendance.php,True,literal exists
admin/dashboards/attendance_taker.php,564,/admin/api_attendance.php,True,literal exists
admin/dashboards/attendance_taker.php,20,../index.php,True,literal exists
admin/dashboards/content_editor.php,193,/admin/dashboard.php,True,literal exists
admin/dashboards/content_editor.php,195,/admin/logout.php,True,literal exists
admin/dashboards/content_editor.php,12,../index.php,True,literal exists
admin/dashboards/content_editor.php,17,../dashboard.php,True,literal exists
admin/dashboards/dept_taker.php,67,/admin/logout.php,True,literal exists
admin/dashboards/dept_taker.php,16,../index.php,True,literal exists
admin/dashboards/edu_dept.php,159,/admin/logout.php,True,literal exists
admin/dashboards/edu_dept.php,165,/admin/dashboard.php,True,literal exists
admin/dashboards/edu_dept.php,612,/admin/logout.php,True,literal exists
admin/dashboards/edu_dept.php,1000,/admin/api_education.php?action=get_classes,True,literal exists
admin/dashboards/edu_dept.php,22,../index.php,True,literal exists
admin/dashboards/education_department.php,20,edu_dept.php,True,literal exists
admin/dashboards/finance_department.php,90,/admin/logout.php,True,literal exists
admin/dashboards/finance_department.php,95,/admin/dashboard.php,True,literal exists
admin/dashboards/finance_department.php,194,/admin/logout.php,True,literal exists
admin/dashboards/finance_department.php,222,/admin/api_list_members.php?view=picker&limit=50,True,literal exists
admin/dashboards/groups.php,140,info-dept.php,True,literal exists
admin/dashboards/groups.php,165,/admin/dashboard.php,True,literal exists
admin/dashboards/hr-dept.php,651,/admin/groups.php,True,literal exists
admin/dashboards/hr-dept.php,714,/admin/logout.php,True,literal exists
admin/dashboards/hr-dept.php,1480,/admin/reports.php,True,literal exists
admin/dashboards/hr-dept.php,1501,/admin/export_pdf.php?format=csv&filter=all,True,literal exists
admin/dashboards/hr-dept.php,1511,/admin/export_pdf.php?format=csv&filter=active,True,literal exists
admin/dashboards/hr-dept.php,1521,/admin/export_pdf.php?format=pdf&filter=all,True,literal exists
admin/dashboards/hr-dept.php,1531,/admin/export_pdf.php?format=csv&filter=waiting,True,literal exists
admin/dashboards/hr-dept.php,1541,/admin/export_pdf.php?format=csv&filter=no_id,True,literal exists
admin/dashboards/hr-dept.php,1551,/admin/export_pdf.php?format=docx&filter=all,True,literal exists
admin/dashboards/hr-dept.php,1899,/admin/export_pdf.php?format=csv&filter=all,True,literal exists
admin/dashboards/hr-dept.php,1903,/admin/export_pdf.php?format=pdf&filter=all,True,literal exists
admin/dashboards/hr-dept.php,1911,/admin/system_health.php,True,literal exists
admin/dashboards/hr-dept.php,1915,/admin/reports.php,True,literal exists
admin/dashboards/hr-dept.php,4245,/admin/api_export_members.php?tier=temporary,True,literal exists
admin/dashboards/hr-dept.php,4248,/admin/api_export_members.php?tier=temporary&amp;format=csv,True,literal exists
admin/dashboards/hr-dept.php,4275,/admin/api_export_members.php?tier=permanent,True,literal exists
admin/dashboards/hr-dept.php,4278,/admin/api_export_members.php?tier=permanent&amp;format=csv,True,literal exists
admin/dashboards/hr-dept.php,2345,/admin/info_manage_member.php?id=,True,literal exists
admin/dashboards/hr-dept.php,2760,/admin/info_manage_member.php?id=,True,literal exists
admin/dashboards/hr-dept.php,2831,/admin/info_archive_member.php,True,literal exists
admin/dashboards/hr-dept.php,2861,/admin/info_restore_member.php,True,literal exists
admin/dashboards/hr-dept.php,3040,/admin/info_manage_member.php,True,literal exists
admin/dashboards/hr-dept.php,3241,/admin/api_check_duplicate.php,True,literal exists
admin/dashboards/hr-dept.php,3465,/admin/hr_register_member.php,False,"REVIEW: may be retired, generated, or relative to an including route"
admin/dashboards/hr-dept.php,3660,/admin/api_settings.php?action=,True,literal exists
admin/dashboards/hr-dept.php,3667,/admin/api_settings.php?action=,True,literal exists
admin/dashboards/info-dept.php,557,/admin/logout.php,True,literal exists
admin/dashboards/info-dept.php,972,info_register_member.php,False,"REVIEW: may be retired, generated, or relative to an including route"
admin/dashboards/info-dept.php,2108,/admin/reports.php,True,literal exists
admin/dashboards/info-dept.php,2191,/admin/export_pdf.php?format=csv&filter=all,True,literal exists
admin/dashboards/info-dept.php,2201,/admin/export_pdf.php?format=csv&filter=active,True,literal exists
admin/dashboards/info-dept.php,2211,/admin/export_pdf.php?format=pdf&filter=all,True,literal exists
admin/dashboards/info-dept.php,2221,/admin/export_pdf.php?format=csv&filter=waiting,True,literal exists
admin/dashboards/info-dept.php,2231,/admin/export_pdf.php?format=csv&filter=no_id,True,literal exists
admin/dashboards/info-dept.php,2241,/admin/export_pdf.php?format=docx&filter=all,True,literal exists
admin/dashboards/info-dept.php,2514,/admin/export_pdf.php?format=csv&filter=all,True,literal exists
admin/dashboards/info-dept.php,2518,/admin/export_pdf.php?format=pdf&filter=all,True,literal exists
admin/dashboards/info-dept.php,2526,/admin/system_health.php,True,literal exists
admin/dashboards/info-dept.php,2530,/admin/reports.php,True,literal exists
admin/dashboards/info-dept.php,3269,/admin/info_manage_member.php?id=,True,literal exists
admin/dashboards/info-dept.php,3340,/admin/info_archive_member.php,True,literal exists
admin/dashboards/info-dept.php,3370,/admin/info_restore_member.php,True,literal exists
admin/dashboards/info-dept.php,3549,/admin/info_manage_member.php,True,literal exists
admin/dashboards/info-dept.php,3759,/admin/api_check_duplicate.php?,True,literal exists
admin/dashboards/info-dept.php,3902,/admin/api_check_duplicate.php?,True,literal exists
admin/dashboards/info-dept.php,3933,/admin/info_register_member.php,False,"REVIEW: may be retired, generated, or relative to an including route"
admin/dashboards/info-dept.php,4212,/admin/api_attendance_info.php?action=update_status,True,literal exists
admin/dashboards/info-dept.php,4250,/admin/api_settings.php?action=,True,literal exists
admin/dashboards/info-dept.php,4257,/admin/api_settings.php?action=,True,literal exists
admin/dashboards/material_department.php,82,/admin/logout.php,True,literal exists
admin/dashboards/material_department.php,87,/admin/dashboard.php,True,literal exists
admin/dashboards/material_department.php,190,/admin/logout.php,True,literal exists
admin/dashboards/school_admin.php,282,/admin/logout.php,True,literal exists
admin/dashboards/school_admin.php,376,/admin/api_export_members.php?tier=all&amp;format=csv,True,literal exists
admin/dashboards/school_admin.php,461,/admin/api_export_members.php?tier=all&amp;format=csv,True,literal exists
admin/dashboards/school_admin.php,553,/admin/logout.php,True,literal exists
admin/dashboards/school_admin.php,606,/admin/dashboard.php,True,literal exists
admin/dashboards/school_admin.php,607,/admin/dashboard.php,True,literal exists
admin/dashboards/school_admin.php,595,/admin/api_list_members.php?,True,literal exists
admin/dashboards/school_admin.php,601,/admin/api_notifications.php?action=list&limit=10,True,literal exists
admin/dashboards/school_admin.php,602,/admin/api_notifications.php,True,literal exists
admin/dashboards/school_admin.php,603,/admin/api_notifications.php?action=count,True,literal exists
admin/dashboards/school_admin.php,606,/admin/api_impersonate.php,True,literal exists
admin/dashboards/school_admin.php,607,/admin/api_impersonate.php,True,literal exists
admin/dashboards/school_admin.php,625,/admin/api_list_members.php?,True,literal exists
admin/dashboards/school_admin.php,666,/admin/api_education.php?action=dashboard,True,literal exists
admin/dashboards/school_admin.php,671,/admin/backend/user-save.php,True,literal exists
admin/dashboards/school_admin.php,672,/admin/backend/user-toggle.php,True,literal exists
admin/dashboards/school_admin.php,1133,/admin/api_education.php?action=get_academic_years,True,literal exists
admin/dashboards/school_admin.php,1195,/admin/api_education.php,True,literal exists
admin/dashboards/school_admin.php,1210,/admin/api_education.php,True,literal exists
admin/dashboards/school_admin.php,1219,/admin/api_education.php,True,literal exists
admin/dashboards/school_admin.php,1234,/admin/tools/year_rollover.php?action=preview,True,literal exists
admin/dashboards/school_admin.php,1250,/admin/tools/year_rollover.php?action=preview&old_year_id=,True,literal exists
admin/dashboards/school_admin.php,1264,/admin/tools/year_rollover.php,True,literal exists
admin/dashboards/school_admin.php,1273,/admin/api_education.php?action=get_terms&year_id=,True,literal exists
admin/dashboards/school_admin.php,1290,/admin/api_education.php,True,literal exists
admin/dashboards/school_admin.php,1294,/admin/api_education.php,True,literal exists
admin/dashboards/school_admin.php,1295,/admin/api_education.php,True,literal exists
admin/dashboards/super-admin.php,628,/admin/dashboards/content_editor.php,True,literal exists
admin/dashboards/super-admin.php,649,/admin/dashboards/ai_assistant.php,True,literal exists
admin/dashboards/super-admin.php,658,/admin/logout.php,True,literal exists
admin/dashboards/super-admin.php,729,/admin/backend/user-delete.php,True,literal exists
admin/dashboards/super-admin.php,745,/admin/backend/user-save.php,True,literal exists
admin/dashboards/super-admin.php,1058,../system_health.php,True,literal exists
admin/dashboards/super-admin.php,1182,/admin/tools/backup.php,True,literal exists
admin/dashboards/super-admin.php,1431,/admin/dashboards/ai_assistant.php,True,literal exists
admin/dashboards/super-admin.php,1432,/admin/logout.php,True,literal exists
admin/dashboards/super-admin.php,1465,/admin/api_settings.php,True,literal exists
admin/dashboards/super-admin.php,1494,/admin/api_branding.php?action=get_assets,True,literal exists
admin/dashboards/super-admin.php,1584,/admin/api_branding.php,True,literal exists
admin/dashboards/super-admin.php,1609,/admin/api_branding.php,True,literal exists
admin/dashboards/super-admin.php,1674,/admin/api_branding.php,True,literal exists
admin/dashboards/super-admin.php,1712,/admin/api_test_seed.php,True,literal exists
admin/dashboards/teacher.php,202,/admin/logout.php,True,literal exists
admin/dashboards/teacher.php,243,/admin/dashboard.php,True,literal exists
admin/dashboards/teacher.php,1270,/admin/logout.php,True,literal exists
admin/dashboards/teacher.php,783,/admin/api_subjects.php,True,literal exists
admin/dashboards/teacher.php,884,/admin/api_attendance.php,True,literal exists
admin/dashboards/teacher.php,1021,/admin/api_communication.php,True,literal exists
admin/dashboards/teacher.php,1037,/admin/api_communication.php?action=get_submissions,True,literal exists
admin/dashboards/teacher.php,22,../index.php,True,literal exists
admin/groups.php,114,dashboard.php,True,literal exists
admin/groups.php,7,index.php,True,literal exists
admin/id_cards/generate_id_card.php,141,view_id_card.php?member_id=,True,literal exists
admin/id_cards/view_id_card.php,286,generate_id_card.php,True,literal exists
admin/id_cards/view_id_card.php,20,../index.php,True,literal exists
admin/index.php,318,backend/login.php,True,literal exists
admin/index.php,7,dashboard.php,True,literal exists
admin/js/hr_data_sync.js,45,/admin/api_import_members.php,True,literal exists
admin/js/id-card-directory.js,23,/admin/id_cards/generate_id_card.php,True,literal exists
admin/js/id-card-directory.js,67,/admin/id_cards/view_id_card.php?member_id=,True,literal exists
admin/js/id_card_designer.js,238,/admin/api_branding.php,True,literal exists
admin/js/id_card_designer.js,258,/admin/api_branding.php?action=get_assets,True,literal exists
admin/migrations/002_add_academic_attendance_workflow.php,587,../dashboard.php,True,literal exists
admin/migrations/002_migration.php,587,../dashboard.php,True,literal exists
admin/migrations/003_add_assessments.php,214,../dashboard.php,True,literal exists
admin/migrations/003_migration.php,214,../dashboard.php,True,literal exists
admin/migrations/004_add_finance_material_tables.php,183,../dashboard.php,True,literal exists
admin/migrations/005_create_system_branding.php,109,../dashboards/super-admin.php?section=branding,True,literal exists
admin/migrations/005_optimize_database.php,250,/admin/dashboard.php,True,literal exists
admin/migrations/add_archive_columns.php,78,/admin/dashboards/info-dept.php,True,literal exists
admin/migrations/auto_fix_database.php,591,../dashboard.php,True,literal exists
admin/print_member.php,15,index.php,True,literal exists
admin/reports.php,78,/admin/dashboard.php,True,literal exists
admin/reports.php,190,/admin/api_export_members.php?tier=all&amp;format=csv,True,literal exists
admin/reports.php,191,/admin/export_pdf.php?format=csv&filter=all,True,literal exists
admin/reports.php,192,/admin/export_pdf.php?format=csv&filter=active,True,literal exists
admin/reports.php,193,/admin/export_pdf.php?format=csv&filter=waiting,True,literal exists
admin/reports.php,194,/admin/export_pdf.php?format=csv&filter=no_id,True,literal exists
admin/reports.php,195,/admin/export_pdf.php?format=csv&filter=male,True,literal exists
admin/reports.php,196,/admin/export_pdf.php?format=csv&filter=female,True,literal exists
admin/reports.php,202,/admin/export_pdf.php?format=pdf&filter=all,True,literal exists
admin/reports.php,203,/admin/export_pdf.php?format=pdf&filter=active,True,literal exists
admin/reports.php,204,/admin/export_pdf.php?format=pdf&filter=waiting,True,literal exists
admin/reports.php,205,/admin/export_pdf.php?format=pdf&filter=no_id,True,literal exists
admin/reports.php,206,/admin/export_pdf.php?format=pdf&filter=male,True,literal exists
admin/reports.php,207,/admin/export_pdf.php?format=pdf&filter=female,True,literal exists
admin/reports.php,213,/admin/export_pdf.php?format=docx&filter=all,True,literal exists
admin/reports.php,214,/admin/export_pdf.php?format=docx&filter=active,True,literal exists
admin/reports.php,215,/admin/export_pdf.php?format=docx&filter=no_id,True,literal exists
admin/reports.php,246,/admin/api_reports.php?action=get_analytics,True,literal exists
admin/reports.php,292,/admin/api_reports.php?action=get_filter_options,True,literal exists
admin/reports.php,308,/admin/api_reports.php?,True,literal exists
admin/reports.php,15,index.php,True,literal exists
admin/system_health.php,283,dashboard.php,True,literal exists
admin/system_health.php,291,dashboard.php,True,literal exists
admin/system_health.php,18,index.php,True,literal exists
admin/system_health.php,22,dashboard.php?error=access_denied,True,literal exists
admin/system_health.php,175,system_health.php?error=csrf,True,literal exists
admin/system_health.php,183,system_health.php?success=Error+log+cleared,True,literal exists
admin/system_health.php,193,system_health.php?success=Rate+limits+cleared,True,literal exists
admin/system_health.php,201,system_health.php?success=Session+cache+cleared,True,literal exists
admin/tools/backup.php,42,/admin/dashboards/super-admin.php?section=backup&backup_status=,True,literal exists
admin/users.php,422,dashboard.php,True,literal exists
admin/users.php,423,users.php,True,literal exists
admin/users.php,443,users.php,True,literal exists
admin/users.php,470,backend/user-save.php,True,literal exists
admin/users.php,655,backend/user-delete.php,True,literal exists
admin/users.php,6,index.php,True,literal exists
backend/components/notification_bell.php,384,/admin/api_notifications.php?action=list,True,literal exists
backend/components/notification_bell.php,431,/admin/api_notifications.php,True,literal exists
backend/components/notification_bell.php,443,/admin/api_notifications.php,True,literal exists
backend/components/notification_bell.php,458,/admin/api_notifications.php,True,literal exists
backend/components/notification_bell.php,481,/admin/api_notifications.php?action=count,True,literal exists
backend/migrations/002_add_academic_attendance_workflow.php,587,../dashboard.php,False,"REVIEW: may be retired, generated, or relative to an including route"
backend/migrations/002_migration.php,587,../dashboard.php,False,"REVIEW: may be retired, generated, or relative to an including route"
backend/migrations/003_add_assessments.php,214,../dashboard.php,False,"REVIEW: may be retired, generated, or relative to an including route"
backend/migrations/003_migration.php,214,../dashboard.php,False,"REVIEW: may be retired, generated, or relative to an including route"
backend/migrations/004_add_finance_material_tables.php,183,../dashboard.php,False,"REVIEW: may be retired, generated, or relative to an including route"
backend/migrations/005_create_system_branding.php,109,../dashboards/super-admin.php?section=branding,False,"REVIEW: may be retired, generated, or relative to an including route"
backend/migrations/005_optimize_database.php,250,/admin/dashboard.php,True,literal exists
backend/migrations/add_archive_columns.php,78,/admin/dashboards/info-dept.php,True,literal exists
backend/migrations/auto_fix_database.php,591,../dashboard.php,False,"REVIEW: may be retired, generated, or relative to an including route"
frontend/layouts/base.php,217,/frontend/pages/dashboard.php,True,literal exists
frontend/layouts/base.php,64,/admin/dashboard.php?error=access_denied,True,literal exists
frontend/pages/dashboard.php,15,/frontend/pages/login.php,True,literal exists
frontend/pages/dashboard.php,42,/admin/dashboard.php,True,literal exists
frontend/pages/edu_assignments.php,2,/admin/dashboards/edu_dept.php?section=teachers,True,literal exists
frontend/pages/edu_teachers.php,2,/admin/dashboards/edu_dept.php?section=teachers,True,literal exists
frontend/pages/finance_dept.php,80,/backend/auth/logout.php,True,literal exists
frontend/pages/login.php,9,/frontend/pages/dashboard.php,True,literal exists
frontend/pages/mezmur_dept.php,73,/backend/auth/logout.php,True,literal exists
index.php,697,/register_submit.php,True,literal exists
monitor/index.php,334,/admin/dashboard.php,True,literal exists
monitor/index.php,386,/admin/index.php?error=,True,literal exists
